"X","R.Condition","R.FileName","R.ProteinGroupsIdentified","R.Replicate","PG.FastaFiles","PG.Genes","PG.Organisms","PG.ProteinAccessions","PG.ProteinDescriptions","PG.ProteinNames","PG.Coverage","PG.IsSingleHit","PG.NrOfStrippedSequencesIdentified","PG.Qvalue","PG.Log2Quantity","PG.Quantity"
6,"100pmol","20231201_jcl_6mix_100pmol_200ngHeLa_optDIA_60min_Wat25cmBEH_1",8166,1,"jlb20230123_HomoSapiens_UniprotRefProteome_UP000005640","ELOF1","Homo sapiens","A0A024R7E8","Transcription elongation factor 1 homolog","A0A024R7E8_HUMAN","17.3%;15%;23.7%;20%;15.8%;21.7%",TRUE,1,0,11.35625986,2621.650879
15,"100pmol","20231201_jcl_6mix_100pmol_200ngHeLa_optDIA_60min_Wat25cmBEH_1",8166,1,"jlb20230123_HomoSapiens_UniprotRefProteome_UP000005640","NOSIP","Homo sapiens","A0A075B6F9","Nitric oxide synthase-interacting protein","A0A075B6F9_HUMAN","7.90%",TRUE,1,0,6.956870723,124.2300797
19,"100pmol","20231201_jcl_6mix_100pmol_200ngHeLa_optDIA_60min_Wat25cmBEH_1",8166,1,"jlb20230123_HomoSapiens_UniprotRefProteome_UP000005640","PPIAL4E;PPIAL4F;PPIAL4D;PPIAL4F","Homo sapiens","A0A075B759","Peptidyl-prolyl cis-trans isomerase A-like 4E;Peptidyl-prolyl cis-trans isomerase;Peptidyl-prolyl cis-trans isomerase A-like 4D;Peptidyl-prolyl cis-trans isomerase A-like 4F","PAL4E_HUMAN","0%;0%;0%;0%",TRUE,0,0.738363141,NA,NA
22,"100pmol","20231201_jcl_6mix_100pmol_200ngHeLa_optDIA_60min_Wat25cmBEH_1",8166,1,"jlb20230123_HomoSapiens_UniprotRefProteome_UP000005640","IKBKE","Homo sapiens","A0A075B7B4","Inhibitor of nuclear factor kappa-B kinase subunit epsilon","A0A075B7B4_HUMAN","0%;0%",TRUE,0,0.321037601,NA,NA
23,"100pmol","20231201_jcl_6mix_100pmol_200ngHeLa_optDIA_60min_Wat25cmBEH_1",8166,1,"jlb20230123_HomoSapiens_UniprotRefProteome_UP000005640","PSG7;PSG7;PSG6;PSG5;PSG5;PSG6;PSG5;PSG6;PSG7;PSG5","Homo sapiens","A0A087WT09","Putative pregnancy-specific beta-1-glycoprotein 7;Putative pregnancy-specific beta-1-glycoprotein 7;Pregnancy-specific beta-1-glycoprotein 6;Pregnancy-specific beta-1-glycoprotein 5;Pregnancy-specific beta-1-glycoprotein 5;Pregnancy-specific beta-1-glycoprotein 6 (Fragment);Pregnancy-specific beta-1-glycoprotein 5;Pregnancy-specific beta-1-glycoprotein 6;Pregnancy-specific beta-1-glycoprotein 7;Pregnancy-specific beta-1-glycoprotein 5","A0A087WT09_HUMAN","0%;0%;0%;0%;0%;0%;0%;0%;0%;0%",TRUE,0,0.652998341,NA,NA
29,"100pmol","20231201_jcl_6mix_100pmol_200ngHeLa_optDIA_60min_Wat25cmBEH_1",8166,1,"jlb20230123_HomoSapiens_UniprotRefProteome_UP000005640","HTD2","Homo sapiens","A0A087WTC8","Hydroxyacyl-thioester dehydratase type 2, mitochondrial (Fragment);Hydroxyacyl-thioester dehydratase type 2, mitochondrial","A0A087WTC8_HUMAN","36.8%;16.7%",TRUE,1,0,9.671334708,815.3833618
30,"100pmol","20231201_jcl_6mix_100pmol_200ngHeLa_optDIA_60min_Wat25cmBEH_1",8166,1,"jlb20230123_HomoSapiens_UniprotRefProteome_UP000005640","BCL2L13","Homo sapiens","A0A087WTL4","Bcl-2-like protein 13","A0A087WTL4_HUMAN","2.80%",TRUE,1,0,11.73091413,3399.045898
32,"100pmol","20231201_jcl_6mix_100pmol_200ngHeLa_optDIA_60min_Wat25cmBEH_1",8166,1,"jlb20230123_HomoSapiens_UniprotRefProteome_UP000005640","KCNIP1","Homo sapiens","A0A087WTU8","Kv channel-interacting protein 1","A0A087WTU8_HUMAN","0%;0%;0%;0%",TRUE,0,0.031887909,NA,NA
33,"100pmol","20231201_jcl_6mix_100pmol_200ngHeLa_optDIA_60min_Wat25cmBEH_1",8166,1,"jlb20230123_HomoSapiens_UniprotRefProteome_UP000005640","ALMS1","Homo sapiens","A0A087WTU9","Centrosome-associated protein ALMS1;Centrosome-associated protein ALMS1;Centrosome-associated protein ALMS1 (Fragment);Centrosome-associated protein ALMS1 (Fragment);Centrosome-associated protein ALMS1 (Fragment);Centrosome-associated protein ALMS1 (Fragment);Centrosome-associated protein ALMS1 (Fragment);Centrosome-associated protein ALMS1 (Fragment);Centrosome-associated protein ALMS1","A0A087WTU9_HUMAN","0%;0%;0%;0%;0%;0%;0%;0%;0%",TRUE,0,0.124715739,NA,NA
36,"100pmol","20231201_jcl_6mix_100pmol_200ngHeLa_optDIA_60min_Wat25cmBEH_1",8166,1,"jlb20230123_HomoSapiens_UniprotRefProteome_UP000005640","HNRNPDL","Homo sapiens","A0A087WU03","Heterogeneous nuclear ribonucleoprotein D-like","A0A087WU03_HUMAN","31.60%",TRUE,1,0,12.7410605,6846.070801
41,"100pmol","20231201_jcl_6mix_100pmol_200ngHeLa_optDIA_60min_Wat25cmBEH_1",8166,1,"jlb20230123_HomoSapiens_UniprotRefProteome_UP000005640","PTBP1","Homo sapiens","A0A087WU68","Polypyrimidine tract-binding protein 1 (Fragment)","A0A087WU68_HUMAN","22.90%",TRUE,1,0,9.458164895,703.3821411
378,"100pmol","20231201_jcl_6mix_100pmol_200ngHeLa_optDIA_60min_Wat25cmBEH_1",8166,1,"jlb20230123_HomoSapiens_UniprotRefProteome_UP000005640","NBDY","Homo sapiens","A0A0U1RRE5","Negative regulator of P-body association","NBDY_HUMAN","39.70%",FALSE,1,0,9.898580907,954.4864502
761,"100pmol","20231201_jcl_6mix_100pmol_200ngHeLa_optDIA_60min_Wat25cmBEH_1",8166,1,"jlb20230123_HomoSapiens_UniprotRefProteome_UP000005640","AHRR","Homo sapiens","A0A7I2PK40","Aryl hydrocarbon receptor repressor","A0A7I2PK40_HUMAN","2.6%;2.6%;3.2%",FALSE,1,0,10.57793736,1528.538696
2165,"100pmol","20231201_jcl_6mix_100pmol_200ngHeLa_optDIA_60min_Wat25cmBEH_1",8166,1,"jlb20230123_HomoSapiens_UniprotRefProteome_UP000005640","BMAL2","Homo sapiens","H0Y5R1","Basic helix-loop-helix ARNT-like 2 (Fragment);Basic helix-loop-helix ARNT-like protein 2","H0Y5R1_HUMAN","3.7%;3.5%",FALSE,1,0,9.696221199,829.5707397
8462,"100pmol","20231201_jcl_6mix_100pmol_200ngHeLa_optDIA_60min_Wat25cmBEH_2",8166,2,"jlb20230123_HomoSapiens_UniprotRefProteome_UP000005640","ELOF1","Homo sapiens","A0A024R7E8","Transcription elongation factor 1 homolog","A0A024R7E8_HUMAN","17.3%;15%;23.7%;20%;15.8%;21.7%",TRUE,1,0,11.35348137,2616.606689
8471,"100pmol","20231201_jcl_6mix_100pmol_200ngHeLa_optDIA_60min_Wat25cmBEH_2",8166,2,"jlb20230123_HomoSapiens_UniprotRefProteome_UP000005640","NOSIP","Homo sapiens","A0A075B6F9","Nitric oxide synthase-interacting protein","A0A075B6F9_HUMAN","7.90%",TRUE,1,0,6.597838652,96.86064148
8475,"100pmol","20231201_jcl_6mix_100pmol_200ngHeLa_optDIA_60min_Wat25cmBEH_2",8166,2,"jlb20230123_HomoSapiens_UniprotRefProteome_UP000005640","PPIAL4E;PPIAL4F;PPIAL4D;PPIAL4F","Homo sapiens","A0A075B759","Peptidyl-prolyl cis-trans isomerase A-like 4E;Peptidyl-prolyl cis-trans isomerase;Peptidyl-prolyl cis-trans isomerase A-like 4D;Peptidyl-prolyl cis-trans isomerase A-like 4F","PAL4E_HUMAN","0%;0%;0%;0%",TRUE,0,0.738363141,NA,NA
8478,"100pmol","20231201_jcl_6mix_100pmol_200ngHeLa_optDIA_60min_Wat25cmBEH_2",8166,2,"jlb20230123_HomoSapiens_UniprotRefProteome_UP000005640","IKBKE","Homo sapiens","A0A075B7B4","Inhibitor of nuclear factor kappa-B kinase subunit epsilon","A0A075B7B4_HUMAN","0%;0%",TRUE,0,0.321037601,NA,NA
8479,"100pmol","20231201_jcl_6mix_100pmol_200ngHeLa_optDIA_60min_Wat25cmBEH_2",8166,2,"jlb20230123_HomoSapiens_UniprotRefProteome_UP000005640","PSG7;PSG7;PSG6;PSG5;PSG5;PSG6;PSG5;PSG6;PSG7;PSG5","Homo sapiens","A0A087WT09","Putative pregnancy-specific beta-1-glycoprotein 7;Putative pregnancy-specific beta-1-glycoprotein 7;Pregnancy-specific beta-1-glycoprotein 6;Pregnancy-specific beta-1-glycoprotein 5;Pregnancy-specific beta-1-glycoprotein 5;Pregnancy-specific beta-1-glycoprotein 6 (Fragment);Pregnancy-specific beta-1-glycoprotein 5;Pregnancy-specific beta-1-glycoprotein 6;Pregnancy-specific beta-1-glycoprotein 7;Pregnancy-specific beta-1-glycoprotein 5","A0A087WT09_HUMAN","0%;0%;0%;0%;0%;0%;0%;0%;0%;0%",TRUE,0,0.652998341,NA,NA
8485,"100pmol","20231201_jcl_6mix_100pmol_200ngHeLa_optDIA_60min_Wat25cmBEH_2",8166,2,"jlb20230123_HomoSapiens_UniprotRefProteome_UP000005640","HTD2","Homo sapiens","A0A087WTC8","Hydroxyacyl-thioester dehydratase type 2, mitochondrial (Fragment);Hydroxyacyl-thioester dehydratase type 2, mitochondrial","A0A087WTC8_HUMAN","36.8%;16.7%",TRUE,1,0,9.588940016,770.1203003
8486,"100pmol","20231201_jcl_6mix_100pmol_200ngHeLa_optDIA_60min_Wat25cmBEH_2",8166,2,"jlb20230123_HomoSapiens_UniprotRefProteome_UP000005640","BCL2L13","Homo sapiens","A0A087WTL4","Bcl-2-like protein 13","A0A087WTL4_HUMAN","2.80%",TRUE,1,0,11.84569046,3680.51123
8488,"100pmol","20231201_jcl_6mix_100pmol_200ngHeLa_optDIA_60min_Wat25cmBEH_2",8166,2,"jlb20230123_HomoSapiens_UniprotRefProteome_UP000005640","KCNIP1","Homo sapiens","A0A087WTU8","Kv channel-interacting protein 1","A0A087WTU8_HUMAN","0%;0%;0%;0%",TRUE,0,0.031887909,NA,NA
8489,"100pmol","20231201_jcl_6mix_100pmol_200ngHeLa_optDIA_60min_Wat25cmBEH_2",8166,2,"jlb20230123_HomoSapiens_UniprotRefProteome_UP000005640","ALMS1","Homo sapiens","A0A087WTU9","Centrosome-associated protein ALMS1;Centrosome-associated protein ALMS1;Centrosome-associated protein ALMS1 (Fragment);Centrosome-associated protein ALMS1 (Fragment);Centrosome-associated protein ALMS1 (Fragment);Centrosome-associated protein ALMS1 (Fragment);Centrosome-associated protein ALMS1 (Fragment);Centrosome-associated protein ALMS1 (Fragment);Centrosome-associated protein ALMS1","A0A087WTU9_HUMAN","0%;0%;0%;0%;0%;0%;0%;0%;0%",TRUE,0,0.124715739,NA,NA
8492,"100pmol","20231201_jcl_6mix_100pmol_200ngHeLa_optDIA_60min_Wat25cmBEH_2",8166,2,"jlb20230123_HomoSapiens_UniprotRefProteome_UP000005640","HNRNPDL","Homo sapiens","A0A087WU03","Heterogeneous nuclear ribonucleoprotein D-like","A0A087WU03_HUMAN","31.60%",TRUE,1,0,12.9979585,8180.416016
8497,"100pmol","20231201_jcl_6mix_100pmol_200ngHeLa_optDIA_60min_Wat25cmBEH_2",8166,2,"jlb20230123_HomoSapiens_UniprotRefProteome_UP000005640","PTBP1","Homo sapiens","A0A087WU68","Polypyrimidine tract-binding protein 1 (Fragment)","A0A087WU68_HUMAN","22.90%",TRUE,1,0,9.556572591,753.034729
8834,"100pmol","20231201_jcl_6mix_100pmol_200ngHeLa_optDIA_60min_Wat25cmBEH_2",8166,2,"jlb20230123_HomoSapiens_UniprotRefProteome_UP000005640","NBDY","Homo sapiens","A0A0U1RRE5","Negative regulator of P-body association","NBDY_HUMAN","39.70%",FALSE,1,0,9.985851229,1014.006531
10111,"100pmol","20231201_jcl_6mix_100pmol_200ngHeLa_optDIA_60min_Wat25cmBEH_2",8166,2,"20230525_jclcleaned_MQcontaminants","KRT16","","CON__Q3ZAW8","Keratin intermediate filament 16a;Keratin, type I cytoskeletal 16","KRT16_MOUSE","3.4%;3.4%",FALSE,1,0,11.37201294,2650.434082
10621,"100pmol","20231201_jcl_6mix_100pmol_200ngHeLa_optDIA_60min_Wat25cmBEH_2",8166,2,"jlb20230123_HomoSapiens_UniprotRefProteome_UP000005640","BMAL2","Homo sapiens","H0Y5R1","Basic helix-loop-helix ARNT-like 2 (Fragment);Basic helix-loop-helix ARNT-like protein 2","H0Y5R1_HUMAN","3.7%;3.5%",FALSE,1,0,9.736847506,853.2634888
16918,"100pmol","20231201_jcl_6mix_100pmol_200ngHeLa_optDIA_60min_Wat25cmBEH_3",8170,3,"jlb20230123_HomoSapiens_UniprotRefProteome_UP000005640","ELOF1","Homo sapiens","A0A024R7E8","Transcription elongation factor 1 homolog","A0A024R7E8_HUMAN","17.3%;15%;23.7%;20%;15.8%;21.7%",TRUE,1,0,11.36537264,2638.262939
16927,"100pmol","20231201_jcl_6mix_100pmol_200ngHeLa_optDIA_60min_Wat25cmBEH_3",8170,3,"jlb20230123_HomoSapiens_UniprotRefProteome_UP000005640","NOSIP","Homo sapiens","A0A075B6F9","Nitric oxide synthase-interacting protein","A0A075B6F9_HUMAN","7.90%",TRUE,1,0,7.169088694,143.9165497
16931,"100pmol","20231201_jcl_6mix_100pmol_200ngHeLa_optDIA_60min_Wat25cmBEH_3",8170,3,"jlb20230123_HomoSapiens_UniprotRefProteome_UP000005640","PPIAL4E;PPIAL4F;PPIAL4D;PPIAL4F","Homo sapiens","A0A075B759","Peptidyl-prolyl cis-trans isomerase A-like 4E;Peptidyl-prolyl cis-trans isomerase;Peptidyl-prolyl cis-trans isomerase A-like 4D;Peptidyl-prolyl cis-trans isomerase A-like 4F","PAL4E_HUMAN","0%;0%;0%;0%",TRUE,0,0.738363141,NA,NA
16934,"100pmol","20231201_jcl_6mix_100pmol_200ngHeLa_optDIA_60min_Wat25cmBEH_3",8170,3,"jlb20230123_HomoSapiens_UniprotRefProteome_UP000005640","IKBKE","Homo sapiens","A0A075B7B4","Inhibitor of nuclear factor kappa-B kinase subunit epsilon","A0A075B7B4_HUMAN","0%;0%",TRUE,0,0.321037601,NA,NA
16935,"100pmol","20231201_jcl_6mix_100pmol_200ngHeLa_optDIA_60min_Wat25cmBEH_3",8170,3,"jlb20230123_HomoSapiens_UniprotRefProteome_UP000005640","PSG7;PSG7;PSG6;PSG5;PSG5;PSG6;PSG5;PSG6;PSG7;PSG5","Homo sapiens","A0A087WT09","Putative pregnancy-specific beta-1-glycoprotein 7;Putative pregnancy-specific beta-1-glycoprotein 7;Pregnancy-specific beta-1-glycoprotein 6;Pregnancy-specific beta-1-glycoprotein 5;Pregnancy-specific beta-1-glycoprotein 5;Pregnancy-specific beta-1-glycoprotein 6 (Fragment);Pregnancy-specific beta-1-glycoprotein 5;Pregnancy-specific beta-1-glycoprotein 6;Pregnancy-specific beta-1-glycoprotein 7;Pregnancy-specific beta-1-glycoprotein 5","A0A087WT09_HUMAN","0%;0%;0%;0%;0%;0%;0%;0%;0%;0%",TRUE,0,0.652998341,NA,NA
16941,"100pmol","20231201_jcl_6mix_100pmol_200ngHeLa_optDIA_60min_Wat25cmBEH_3",8170,3,"jlb20230123_HomoSapiens_UniprotRefProteome_UP000005640","HTD2","Homo sapiens","A0A087WTC8","Hydroxyacyl-thioester dehydratase type 2, mitochondrial (Fragment);Hydroxyacyl-thioester dehydratase type 2, mitochondrial","A0A087WTC8_HUMAN","36.8%;16.7%",TRUE,1,0,9.416263172,683.2468872
16942,"100pmol","20231201_jcl_6mix_100pmol_200ngHeLa_optDIA_60min_Wat25cmBEH_3",8170,3,"jlb20230123_HomoSapiens_UniprotRefProteome_UP000005640","BCL2L13","Homo sapiens","A0A087WTL4","Bcl-2-like protein 13","A0A087WTL4_HUMAN","2.80%",TRUE,1,0,11.48172258,2859.847656
16944,"100pmol","20231201_jcl_6mix_100pmol_200ngHeLa_optDIA_60min_Wat25cmBEH_3",8170,3,"jlb20230123_HomoSapiens_UniprotRefProteome_UP000005640","KCNIP1","Homo sapiens","A0A087WTU8","Kv channel-interacting protein 1","A0A087WTU8_HUMAN","0%;0%;0%;0%",TRUE,0,0.031887909,NA,NA
16945,"100pmol","20231201_jcl_6mix_100pmol_200ngHeLa_optDIA_60min_Wat25cmBEH_3",8170,3,"jlb20230123_HomoSapiens_UniprotRefProteome_UP000005640","ALMS1","Homo sapiens","A0A087WTU9","Centrosome-associated protein ALMS1;Centrosome-associated protein ALMS1;Centrosome-associated protein ALMS1 (Fragment);Centrosome-associated protein ALMS1 (Fragment);Centrosome-associated protein ALMS1 (Fragment);Centrosome-associated protein ALMS1 (Fragment);Centrosome-associated protein ALMS1 (Fragment);Centrosome-associated protein ALMS1 (Fragment);Centrosome-associated protein ALMS1","A0A087WTU9_HUMAN","0%;0%;0%;0%;0%;0%;0%;0%;0%",TRUE,0,0.124715739,NA,NA
16948,"100pmol","20231201_jcl_6mix_100pmol_200ngHeLa_optDIA_60min_Wat25cmBEH_3",8170,3,"jlb20230123_HomoSapiens_UniprotRefProteome_UP000005640","HNRNPDL","Homo sapiens","A0A087WU03","Heterogeneous nuclear ribonucleoprotein D-like","A0A087WU03_HUMAN","31.60%",TRUE,1,0,12.93304838,7820.517578
16953,"100pmol","20231201_jcl_6mix_100pmol_200ngHeLa_optDIA_60min_Wat25cmBEH_3",8170,3,"jlb20230123_HomoSapiens_UniprotRefProteome_UP000005640","PTBP1","Homo sapiens","A0A087WU68","Polypyrimidine tract-binding protein 1 (Fragment)","A0A087WU68_HUMAN","22.90%",TRUE,1,0,9.372710723,662.9290771
18213,"100pmol","20231201_jcl_6mix_100pmol_200ngHeLa_optDIA_60min_Wat25cmBEH_3",8170,3,"jlb20230123_HomoSapiens_UniprotRefProteome_UP000005640","TMCO5B","Homo sapiens","A8MYB1","Transmembrane and coiled-coil domain-containing protein 5B","TMC5B_HUMAN","2.30%",FALSE,1,0,8.798598959,445.2892456
18567,"100pmol","20231201_jcl_6mix_100pmol_200ngHeLa_optDIA_60min_Wat25cmBEH_3",8170,3,"20230525_jclcleaned_MQcontaminants","KRT16","","CON__Q3ZAW8","Keratin intermediate filament 16a;Keratin, type I cytoskeletal 16","KRT16_MOUSE","3.4%;3.4%",FALSE,1,0,9.881272974,943.1039429
19077,"100pmol","20231201_jcl_6mix_100pmol_200ngHeLa_optDIA_60min_Wat25cmBEH_3",8170,3,"jlb20230123_HomoSapiens_UniprotRefProteome_UP000005640","BMAL2","Homo sapiens","H0Y5R1","Basic helix-loop-helix ARNT-like 2 (Fragment);Basic helix-loop-helix ARNT-like protein 2","H0Y5R1_HUMAN","3.7%;3.5%",FALSE,1,0,9.778223446,878.0890503
20447,"100pmol","20231201_jcl_6mix_100pmol_200ngHeLa_optDIA_60min_Wat25cmBEH_3",8170,3,"jlb20230123_HomoSapiens_UniprotRefProteome_UP000005640","PIP","Homo sapiens","P12273","Prolactin-inducible protein","PIP_HUMAN","10.30%",FALSE,1,0,6.987642383,126.9082794
25374,"100pmol","20231201_jcl_6mix_100pmol_200ngHeLa_optDIA_60min_Wat25cmBEH_4",8159,4,"jlb20230123_HomoSapiens_UniprotRefProteome_UP000005640","ELOF1","Homo sapiens","A0A024R7E8","Transcription elongation factor 1 homolog","A0A024R7E8_HUMAN","17.3%;15%;23.7%;20%;15.8%;21.7%",TRUE,1,0,11.3176297,2552.384033
25383,"100pmol","20231201_jcl_6mix_100pmol_200ngHeLa_optDIA_60min_Wat25cmBEH_4",8159,4,"jlb20230123_HomoSapiens_UniprotRefProteome_UP000005640","NOSIP","Homo sapiens","A0A075B6F9","Nitric oxide synthase-interacting protein","A0A075B6F9_HUMAN","7.90%",TRUE,1,0,6.747029849,107.4133759
25387,"100pmol","20231201_jcl_6mix_100pmol_200ngHeLa_optDIA_60min_Wat25cmBEH_4",8159,4,"jlb20230123_HomoSapiens_UniprotRefProteome_UP000005640","PPIAL4E;PPIAL4F;PPIAL4D;PPIAL4F","Homo sapiens","A0A075B759","Peptidyl-prolyl cis-trans isomerase A-like 4E;Peptidyl-prolyl cis-trans isomerase;Peptidyl-prolyl cis-trans isomerase A-like 4D;Peptidyl-prolyl cis-trans isomerase A-like 4F","PAL4E_HUMAN","0%;0%;0%;0%",TRUE,0,0.738363141,NA,NA
25390,"100pmol","20231201_jcl_6mix_100pmol_200ngHeLa_optDIA_60min_Wat25cmBEH_4",8159,4,"jlb20230123_HomoSapiens_UniprotRefProteome_UP000005640","IKBKE","Homo sapiens","A0A075B7B4","Inhibitor of nuclear factor kappa-B kinase subunit epsilon","A0A075B7B4_HUMAN","0%;0%",TRUE,0,0.321037601,NA,NA
25391,"100pmol","20231201_jcl_6mix_100pmol_200ngHeLa_optDIA_60min_Wat25cmBEH_4",8159,4,"jlb20230123_HomoSapiens_UniprotRefProteome_UP000005640","PSG7;PSG7;PSG6;PSG5;PSG5;PSG6;PSG5;PSG6;PSG7;PSG5","Homo sapiens","A0A087WT09","Putative pregnancy-specific beta-1-glycoprotein 7;Putative pregnancy-specific beta-1-glycoprotein 7;Pregnancy-specific beta-1-glycoprotein 6;Pregnancy-specific beta-1-glycoprotein 5;Pregnancy-specific beta-1-glycoprotein 5;Pregnancy-specific beta-1-glycoprotein 6 (Fragment);Pregnancy-specific beta-1-glycoprotein 5;Pregnancy-specific beta-1-glycoprotein 6;Pregnancy-specific beta-1-glycoprotein 7;Pregnancy-specific beta-1-glycoprotein 5","A0A087WT09_HUMAN","0%;0%;0%;0%;0%;0%;0%;0%;0%;0%",TRUE,0,0.652998341,NA,NA
25397,"100pmol","20231201_jcl_6mix_100pmol_200ngHeLa_optDIA_60min_Wat25cmBEH_4",8159,4,"jlb20230123_HomoSapiens_UniprotRefProteome_UP000005640","HTD2","Homo sapiens","A0A087WTC8","Hydroxyacyl-thioester dehydratase type 2, mitochondrial (Fragment);Hydroxyacyl-thioester dehydratase type 2, mitochondrial","A0A087WTC8_HUMAN","36.8%;16.7%",TRUE,1,0,9.650198706,803.5247803
25398,"100pmol","20231201_jcl_6mix_100pmol_200ngHeLa_optDIA_60min_Wat25cmBEH_4",8159,4,"jlb20230123_HomoSapiens_UniprotRefProteome_UP000005640","BCL2L13","Homo sapiens","A0A087WTL4","Bcl-2-like protein 13","A0A087WTL4_HUMAN","2.80%",TRUE,1,0,11.79475526,3552.835693
25400,"100pmol","20231201_jcl_6mix_100pmol_200ngHeLa_optDIA_60min_Wat25cmBEH_4",8159,4,"jlb20230123_HomoSapiens_UniprotRefProteome_UP000005640","KCNIP1","Homo sapiens","A0A087WTU8","Kv channel-interacting protein 1","A0A087WTU8_HUMAN","0%;0%;0%;0%",TRUE,0,0.031887909,NA,NA
25401,"100pmol","20231201_jcl_6mix_100pmol_200ngHeLa_optDIA_60min_Wat25cmBEH_4",8159,4,"jlb20230123_HomoSapiens_UniprotRefProteome_UP000005640","ALMS1","Homo sapiens","A0A087WTU9","Centrosome-associated protein ALMS1;Centrosome-associated protein ALMS1;Centrosome-associated protein ALMS1 (Fragment);Centrosome-associated protein ALMS1 (Fragment);Centrosome-associated protein ALMS1 (Fragment);Centrosome-associated protein ALMS1 (Fragment);Centrosome-associated protein ALMS1 (Fragment);Centrosome-associated protein ALMS1 (Fragment);Centrosome-associated protein ALMS1","A0A087WTU9_HUMAN","0%;0%;0%;0%;0%;0%;0%;0%;0%",TRUE,0,0.124715739,NA,NA
25404,"100pmol","20231201_jcl_6mix_100pmol_200ngHeLa_optDIA_60min_Wat25cmBEH_4",8159,4,"jlb20230123_HomoSapiens_UniprotRefProteome_UP000005640","HNRNPDL","Homo sapiens","A0A087WU03","Heterogeneous nuclear ribonucleoprotein D-like","A0A087WU03_HUMAN","31.60%",TRUE,1,0,12.97921121,8074.802246
25409,"100pmol","20231201_jcl_6mix_100pmol_200ngHeLa_optDIA_60min_Wat25cmBEH_4",8159,4,"jlb20230123_HomoSapiens_UniprotRefProteome_UP000005640","PTBP1","Homo sapiens","A0A087WU68","Polypyrimidine tract-binding protein 1 (Fragment)","A0A087WU68_HUMAN","22.90%",TRUE,1,0,8.531652621,370.0695496
27023,"100pmol","20231201_jcl_6mix_100pmol_200ngHeLa_optDIA_60min_Wat25cmBEH_4",8159,4,"20230525_jclcleaned_MQcontaminants","KRT16","","CON__Q3ZAW8","Keratin intermediate filament 16a;Keratin, type I cytoskeletal 16","KRT16_MOUSE","3.4%;3.4%",FALSE,1,0,11.00594658,2056.458984
27678,"100pmol","20231201_jcl_6mix_100pmol_200ngHeLa_optDIA_60min_Wat25cmBEH_4",8159,4,"jlb20230123_HomoSapiens_UniprotRefProteome_UP000005640","ATXN2L","Homo sapiens","H3BUF6","Ataxin-2-like protein","H3BUF6_HUMAN","2.70%",FALSE,1,0,8.187970592,291.625
28903,"100pmol","20231201_jcl_6mix_100pmol_200ngHeLa_optDIA_60min_Wat25cmBEH_4",8159,4,"jlb20230123_HomoSapiens_UniprotRefProteome_UP000005640","PIP","Homo sapiens","P12273","Prolactin-inducible protein","PIP_HUMAN","10.30%",FALSE,1,0,7.318372895,159.6062012
33830,"200pmol","20231201_jcl_6mix_200pmol_200ngHeLa_optDIA_60min_Wat25cmBEH_1",8166,1,"jlb20230123_HomoSapiens_UniprotRefProteome_UP000005640","ELOF1","Homo sapiens","A0A024R7E8","Transcription elongation factor 1 homolog","A0A024R7E8_HUMAN","17.3%;15%;23.7%;20%;15.8%;21.7%",TRUE,1,0,11.45891295,2814.987793
33839,"200pmol","20231201_jcl_6mix_200pmol_200ngHeLa_optDIA_60min_Wat25cmBEH_1",8166,1,"jlb20230123_HomoSapiens_UniprotRefProteome_UP000005640","NOSIP","Homo sapiens","A0A075B6F9","Nitric oxide synthase-interacting protein","A0A075B6F9_HUMAN","7.90%",TRUE,1,0,6.773873048,109.4306488
33843,"200pmol","20231201_jcl_6mix_200pmol_200ngHeLa_optDIA_60min_Wat25cmBEH_1",8166,1,"jlb20230123_HomoSapiens_UniprotRefProteome_UP000005640","PPIAL4E;PPIAL4F;PPIAL4D;PPIAL4F","Homo sapiens","A0A075B759","Peptidyl-prolyl cis-trans isomerase A-like 4E;Peptidyl-prolyl cis-trans isomerase;Peptidyl-prolyl cis-trans isomerase A-like 4D;Peptidyl-prolyl cis-trans isomerase A-like 4F","PAL4E_HUMAN","0%;0%;0%;0%",TRUE,0,0.738363141,NA,NA
33846,"200pmol","20231201_jcl_6mix_200pmol_200ngHeLa_optDIA_60min_Wat25cmBEH_1",8166,1,"jlb20230123_HomoSapiens_UniprotRefProteome_UP000005640","IKBKE","Homo sapiens","A0A075B7B4","Inhibitor of nuclear factor kappa-B kinase subunit epsilon","A0A075B7B4_HUMAN","0%;0%",TRUE,0,0.321037601,NA,NA
33847,"200pmol","20231201_jcl_6mix_200pmol_200ngHeLa_optDIA_60min_Wat25cmBEH_1",8166,1,"jlb20230123_HomoSapiens_UniprotRefProteome_UP000005640","PSG7;PSG7;PSG6;PSG5;PSG5;PSG6;PSG5;PSG6;PSG7;PSG5","Homo sapiens","A0A087WT09","Putative pregnancy-specific beta-1-glycoprotein 7;Putative pregnancy-specific beta-1-glycoprotein 7;Pregnancy-specific beta-1-glycoprotein 6;Pregnancy-specific beta-1-glycoprotein 5;Pregnancy-specific beta-1-glycoprotein 5;Pregnancy-specific beta-1-glycoprotein 6 (Fragment);Pregnancy-specific beta-1-glycoprotein 5;Pregnancy-specific beta-1-glycoprotein 6;Pregnancy-specific beta-1-glycoprotein 7;Pregnancy-specific beta-1-glycoprotein 5","A0A087WT09_HUMAN","0%;0%;0%;0%;0%;0%;0%;0%;0%;0%",TRUE,0,0.652998341,NA,NA
33853,"200pmol","20231201_jcl_6mix_200pmol_200ngHeLa_optDIA_60min_Wat25cmBEH_1",8166,1,"jlb20230123_HomoSapiens_UniprotRefProteome_UP000005640","HTD2","Homo sapiens","A0A087WTC8","Hydroxyacyl-thioester dehydratase type 2, mitochondrial (Fragment);Hydroxyacyl-thioester dehydratase type 2, mitochondrial","A0A087WTC8_HUMAN","36.8%;16.7%",TRUE,1,0,9.773607483,875.2840576
33854,"200pmol","20231201_jcl_6mix_200pmol_200ngHeLa_optDIA_60min_Wat25cmBEH_1",8166,1,"jlb20230123_HomoSapiens_UniprotRefProteome_UP000005640","BCL2L13","Homo sapiens","A0A087WTL4","Bcl-2-like protein 13","A0A087WTL4_HUMAN","2.80%",TRUE,1,0,11.73485368,3408.340332
33856,"200pmol","20231201_jcl_6mix_200pmol_200ngHeLa_optDIA_60min_Wat25cmBEH_1",8166,1,"jlb20230123_HomoSapiens_UniprotRefProteome_UP000005640","KCNIP1","Homo sapiens","A0A087WTU8","Kv channel-interacting protein 1","A0A087WTU8_HUMAN","0%;0%;0%;0%",TRUE,0,0.031887909,NA,NA
33857,"200pmol","20231201_jcl_6mix_200pmol_200ngHeLa_optDIA_60min_Wat25cmBEH_1",8166,1,"jlb20230123_HomoSapiens_UniprotRefProteome_UP000005640","ALMS1","Homo sapiens","A0A087WTU9","Centrosome-associated protein ALMS1;Centrosome-associated protein ALMS1;Centrosome-associated protein ALMS1 (Fragment);Centrosome-associated protein ALMS1 (Fragment);Centrosome-associated protein ALMS1 (Fragment);Centrosome-associated protein ALMS1 (Fragment);Centrosome-associated protein ALMS1 (Fragment);Centrosome-associated protein ALMS1 (Fragment);Centrosome-associated protein ALMS1","A0A087WTU9_HUMAN","0%;0%;0%;0%;0%;0%;0%;0%;0%",TRUE,0,0.124715739,NA,NA
33860,"200pmol","20231201_jcl_6mix_200pmol_200ngHeLa_optDIA_60min_Wat25cmBEH_1",8166,1,"jlb20230123_HomoSapiens_UniprotRefProteome_UP000005640","HNRNPDL","Homo sapiens","A0A087WU03","Heterogeneous nuclear ribonucleoprotein D-like","A0A087WU03_HUMAN","31.60%",TRUE,1,0,13.05728166,8523.803711
33865,"200pmol","20231201_jcl_6mix_200pmol_200ngHeLa_optDIA_60min_Wat25cmBEH_1",8166,1,"jlb20230123_HomoSapiens_UniprotRefProteome_UP000005640","PTBP1","Homo sapiens","A0A087WU68","Polypyrimidine tract-binding protein 1 (Fragment)","A0A087WU68_HUMAN","22.90%",TRUE,1,0,9.427096047,688.3965454
34202,"200pmol","20231201_jcl_6mix_200pmol_200ngHeLa_optDIA_60min_Wat25cmBEH_1",8166,1,"jlb20230123_HomoSapiens_UniprotRefProteome_UP000005640","NBDY","Homo sapiens","A0A0U1RRE5","Negative regulator of P-body association","NBDY_HUMAN","39.70%",FALSE,1,0,9.920723384,969.2489014
35347,"200pmol","20231201_jcl_6mix_200pmol_200ngHeLa_optDIA_60min_Wat25cmBEH_1",8166,1,"jlb20230123_HomoSapiens_UniprotRefProteome_UP000005640","USP4","Homo sapiens","C9JNU9","Ubiquitin carboxyl-terminal hydrolase 4","C9JNU9_HUMAN","6.10%",FALSE,1,0.000252048,8.790826431,442.896698
42286,"200pmol","20231201_jcl_6mix_200pmol_200ngHeLa_optDIA_60min_Wat25cmBEH_2",8161,2,"jlb20230123_HomoSapiens_UniprotRefProteome_UP000005640","ELOF1","Homo sapiens","A0A024R7E8","Transcription elongation factor 1 homolog","A0A024R7E8_HUMAN","17.3%;15%;23.7%;20%;15.8%;21.7%",TRUE,1,0,11.38059516,2666.247803
42295,"200pmol","20231201_jcl_6mix_200pmol_200ngHeLa_optDIA_60min_Wat25cmBEH_2",8161,2,"jlb20230123_HomoSapiens_UniprotRefProteome_UP000005640","NOSIP","Homo sapiens","A0A075B6F9","Nitric oxide synthase-interacting protein","A0A075B6F9_HUMAN","7.90%",TRUE,1,0,7.297517488,157.3155518
42299,"200pmol","20231201_jcl_6mix_200pmol_200ngHeLa_optDIA_60min_Wat25cmBEH_2",8161,2,"jlb20230123_HomoSapiens_UniprotRefProteome_UP000005640","PPIAL4E;PPIAL4F;PPIAL4D;PPIAL4F","Homo sapiens","A0A075B759","Peptidyl-prolyl cis-trans isomerase A-like 4E;Peptidyl-prolyl cis-trans isomerase;Peptidyl-prolyl cis-trans isomerase A-like 4D;Peptidyl-prolyl cis-trans isomerase A-like 4F","PAL4E_HUMAN","0%;0%;0%;0%",TRUE,0,0.738363141,NA,NA
42302,"200pmol","20231201_jcl_6mix_200pmol_200ngHeLa_optDIA_60min_Wat25cmBEH_2",8161,2,"jlb20230123_HomoSapiens_UniprotRefProteome_UP000005640","IKBKE","Homo sapiens","A0A075B7B4","Inhibitor of nuclear factor kappa-B kinase subunit epsilon","A0A075B7B4_HUMAN","0%;0%",TRUE,0,0.321037601,NA,NA
42303,"200pmol","20231201_jcl_6mix_200pmol_200ngHeLa_optDIA_60min_Wat25cmBEH_2",8161,2,"jlb20230123_HomoSapiens_UniprotRefProteome_UP000005640","PSG7;PSG7;PSG6;PSG5;PSG5;PSG6;PSG5;PSG6;PSG7;PSG5","Homo sapiens","A0A087WT09","Putative pregnancy-specific beta-1-glycoprotein 7;Putative pregnancy-specific beta-1-glycoprotein 7;Pregnancy-specific beta-1-glycoprotein 6;Pregnancy-specific beta-1-glycoprotein 5;Pregnancy-specific beta-1-glycoprotein 5;Pregnancy-specific beta-1-glycoprotein 6 (Fragment);Pregnancy-specific beta-1-glycoprotein 5;Pregnancy-specific beta-1-glycoprotein 6;Pregnancy-specific beta-1-glycoprotein 7;Pregnancy-specific beta-1-glycoprotein 5","A0A087WT09_HUMAN","0%;0%;0%;0%;0%;0%;0%;0%;0%;0%",TRUE,0,0.652998341,NA,NA
42309,"200pmol","20231201_jcl_6mix_200pmol_200ngHeLa_optDIA_60min_Wat25cmBEH_2",8161,2,"jlb20230123_HomoSapiens_UniprotRefProteome_UP000005640","HTD2","Homo sapiens","A0A087WTC8","Hydroxyacyl-thioester dehydratase type 2, mitochondrial (Fragment);Hydroxyacyl-thioester dehydratase type 2, mitochondrial","A0A087WTC8_HUMAN","36.8%;16.7%",TRUE,1,0,9.32944079,643.3414307
42310,"200pmol","20231201_jcl_6mix_200pmol_200ngHeLa_optDIA_60min_Wat25cmBEH_2",8161,2,"jlb20230123_HomoSapiens_UniprotRefProteome_UP000005640","BCL2L13","Homo sapiens","A0A087WTL4","Bcl-2-like protein 13","A0A087WTL4_HUMAN","2.80%",TRUE,1,0,11.85415302,3702.163818
42312,"200pmol","20231201_jcl_6mix_200pmol_200ngHeLa_optDIA_60min_Wat25cmBEH_2",8161,2,"jlb20230123_HomoSapiens_UniprotRefProteome_UP000005640","KCNIP1","Homo sapiens","A0A087WTU8","Kv channel-interacting protein 1","A0A087WTU8_HUMAN","0%;0%;0%;0%",TRUE,0,0.031887909,NA,NA
42313,"200pmol","20231201_jcl_6mix_200pmol_200ngHeLa_optDIA_60min_Wat25cmBEH_2",8161,2,"jlb20230123_HomoSapiens_UniprotRefProteome_UP000005640","ALMS1","Homo sapiens","A0A087WTU9","Centrosome-associated protein ALMS1;Centrosome-associated protein ALMS1;Centrosome-associated protein ALMS1 (Fragment);Centrosome-associated protein ALMS1 (Fragment);Centrosome-associated protein ALMS1 (Fragment);Centrosome-associated protein ALMS1 (Fragment);Centrosome-associated protein ALMS1 (Fragment);Centrosome-associated protein ALMS1 (Fragment);Centrosome-associated protein ALMS1","A0A087WTU9_HUMAN","0%;0%;0%;0%;0%;0%;0%;0%;0%",TRUE,0,0.124715739,NA,NA
42316,"200pmol","20231201_jcl_6mix_200pmol_200ngHeLa_optDIA_60min_Wat25cmBEH_2",8161,2,"jlb20230123_HomoSapiens_UniprotRefProteome_UP000005640","HNRNPDL","Homo sapiens","A0A087WU03","Heterogeneous nuclear ribonucleoprotein D-like","A0A087WU03_HUMAN","31.60%",TRUE,1,0,12.83007269,7281.766113
42321,"200pmol","20231201_jcl_6mix_200pmol_200ngHeLa_optDIA_60min_Wat25cmBEH_2",8161,2,"jlb20230123_HomoSapiens_UniprotRefProteome_UP000005640","PTBP1","Homo sapiens","A0A087WU68","Polypyrimidine tract-binding protein 1 (Fragment)","A0A087WU68_HUMAN","22.90%",TRUE,1,0,9.223988274,597.9944458
43041,"200pmol","20231201_jcl_6mix_200pmol_200ngHeLa_optDIA_60min_Wat25cmBEH_2",8161,2,"jlb20230123_HomoSapiens_UniprotRefProteome_UP000005640","AHRR","Homo sapiens","A0A7I2PK40","Aryl hydrocarbon receptor repressor","A0A7I2PK40_HUMAN","2.6%;2.6%;3.2%",FALSE,1,0,10.58514846,1536.197998
43516,"200pmol","20231201_jcl_6mix_200pmol_200ngHeLa_optDIA_60min_Wat25cmBEH_2",8161,2,"jlb20230123_HomoSapiens_UniprotRefProteome_UP000005640","ZNF840P","Homo sapiens","A6NDX5","Putative zinc finger protein 840","ZN840_HUMAN","1%",FALSE,1,0,8.138485711,281.7917786
43581,"200pmol","20231201_jcl_6mix_200pmol_200ngHeLa_optDIA_60min_Wat25cmBEH_2",8161,2,"jlb20230123_HomoSapiens_UniprotRefProteome_UP000005640","TMCO5B","Homo sapiens","A8MYB1","Transmembrane and coiled-coil domain-containing protein 5B","TMC5B_HUMAN","2.30%",FALSE,1,0,8.665634319,406.0839844
43935,"200pmol","20231201_jcl_6mix_200pmol_200ngHeLa_optDIA_60min_Wat25cmBEH_2",8161,2,"20230525_jclcleaned_MQcontaminants","KRT16","","CON__Q3ZAW8","Keratin intermediate filament 16a;Keratin, type I cytoskeletal 16","KRT16_MOUSE","3.4%;3.4%",FALSE,1,0,11.0111078,2063.829102
44487,"200pmol","20231201_jcl_6mix_200pmol_200ngHeLa_optDIA_60min_Wat25cmBEH_2",8161,2,"jlb20230123_HomoSapiens_UniprotRefProteome_UP000005640","MYOF","Homo sapiens","H0YD14","Myoferlin (Fragment)","H0YD14_HUMAN","1%",FALSE,1,0,10.23351187,1203.910034
45815,"200pmol","20231201_jcl_6mix_200pmol_200ngHeLa_optDIA_60min_Wat25cmBEH_2",8161,2,"jlb20230123_HomoSapiens_UniprotRefProteome_UP000005640","PIP","Homo sapiens","P12273","Prolactin-inducible protein","PIP_HUMAN","10.30%",FALSE,1,0,6.774707949,109.4939957
50742,"200pmol","20231201_jcl_6mix_200pmol_200ngHeLa_optDIA_60min_Wat25cmBEH_3",8169,3,"jlb20230123_HomoSapiens_UniprotRefProteome_UP000005640","ELOF1","Homo sapiens","A0A024R7E8","Transcription elongation factor 1 homolog","A0A024R7E8_HUMAN","17.3%;15%;23.7%;20%;15.8%;21.7%",TRUE,1,0,11.46590127,2828.656494
50751,"200pmol","20231201_jcl_6mix_200pmol_200ngHeLa_optDIA_60min_Wat25cmBEH_3",8169,3,"jlb20230123_HomoSapiens_UniprotRefProteome_UP000005640","NOSIP","Homo sapiens","A0A075B6F9","Nitric oxide synthase-interacting protein","A0A075B6F9_HUMAN","7.90%",TRUE,1,0,6.993004441,127.3808365
50755,"200pmol","20231201_jcl_6mix_200pmol_200ngHeLa_optDIA_60min_Wat25cmBEH_3",8169,3,"jlb20230123_HomoSapiens_UniprotRefProteome_UP000005640","PPIAL4E;PPIAL4F;PPIAL4D;PPIAL4F","Homo sapiens","A0A075B759","Peptidyl-prolyl cis-trans isomerase A-like 4E;Peptidyl-prolyl cis-trans isomerase;Peptidyl-prolyl cis-trans isomerase A-like 4D;Peptidyl-prolyl cis-trans isomerase A-like 4F","PAL4E_HUMAN","0%;0%;0%;0%",TRUE,0,0.738363141,NA,NA
50758,"200pmol","20231201_jcl_6mix_200pmol_200ngHeLa_optDIA_60min_Wat25cmBEH_3",8169,3,"jlb20230123_HomoSapiens_UniprotRefProteome_UP000005640","IKBKE","Homo sapiens","A0A075B7B4","Inhibitor of nuclear factor kappa-B kinase subunit epsilon","A0A075B7B4_HUMAN","0%;0%",TRUE,0,0.321037601,NA,NA
50759,"200pmol","20231201_jcl_6mix_200pmol_200ngHeLa_optDIA_60min_Wat25cmBEH_3",8169,3,"jlb20230123_HomoSapiens_UniprotRefProteome_UP000005640","PSG7;PSG7;PSG6;PSG5;PSG5;PSG6;PSG5;PSG6;PSG7;PSG5","Homo sapiens","A0A087WT09","Putative pregnancy-specific beta-1-glycoprotein 7;Putative pregnancy-specific beta-1-glycoprotein 7;Pregnancy-specific beta-1-glycoprotein 6;Pregnancy-specific beta-1-glycoprotein 5;Pregnancy-specific beta-1-glycoprotein 5;Pregnancy-specific beta-1-glycoprotein 6 (Fragment);Pregnancy-specific beta-1-glycoprotein 5;Pregnancy-specific beta-1-glycoprotein 6;Pregnancy-specific beta-1-glycoprotein 7;Pregnancy-specific beta-1-glycoprotein 5","A0A087WT09_HUMAN","0%;0%;0%;0%;0%;0%;0%;0%;0%;0%",TRUE,0,0.652998341,NA,NA
50765,"200pmol","20231201_jcl_6mix_200pmol_200ngHeLa_optDIA_60min_Wat25cmBEH_3",8169,3,"jlb20230123_HomoSapiens_UniprotRefProteome_UP000005640","HTD2","Homo sapiens","A0A087WTC8","Hydroxyacyl-thioester dehydratase type 2, mitochondrial (Fragment);Hydroxyacyl-thioester dehydratase type 2, mitochondrial","A0A087WTC8_HUMAN","36.8%;16.7%",TRUE,1,0,9.594430426,773.0567017
50766,"200pmol","20231201_jcl_6mix_200pmol_200ngHeLa_optDIA_60min_Wat25cmBEH_3",8169,3,"jlb20230123_HomoSapiens_UniprotRefProteome_UP000005640","BCL2L13","Homo sapiens","A0A087WTL4","Bcl-2-like protein 13","A0A087WTL4_HUMAN","2.80%",TRUE,1,0,11.71916673,3371.480957
50768,"200pmol","20231201_jcl_6mix_200pmol_200ngHeLa_optDIA_60min_Wat25cmBEH_3",8169,3,"jlb20230123_HomoSapiens_UniprotRefProteome_UP000005640","KCNIP1","Homo sapiens","A0A087WTU8","Kv channel-interacting protein 1","A0A087WTU8_HUMAN","0%;0%;0%;0%",TRUE,0,0.031887909,NA,NA
50769,"200pmol","20231201_jcl_6mix_200pmol_200ngHeLa_optDIA_60min_Wat25cmBEH_3",8169,3,"jlb20230123_HomoSapiens_UniprotRefProteome_UP000005640","ALMS1","Homo sapiens","A0A087WTU9","Centrosome-associated protein ALMS1;Centrosome-associated protein ALMS1;Centrosome-associated protein ALMS1 (Fragment);Centrosome-associated protein ALMS1 (Fragment);Centrosome-associated protein ALMS1 (Fragment);Centrosome-associated protein ALMS1 (Fragment);Centrosome-associated protein ALMS1 (Fragment);Centrosome-associated protein ALMS1 (Fragment);Centrosome-associated protein ALMS1","A0A087WTU9_HUMAN","0%;0%;0%;0%;0%;0%;0%;0%;0%",TRUE,0,0.124715739,NA,NA
50772,"200pmol","20231201_jcl_6mix_200pmol_200ngHeLa_optDIA_60min_Wat25cmBEH_3",8169,3,"jlb20230123_HomoSapiens_UniprotRefProteome_UP000005640","HNRNPDL","Homo sapiens","A0A087WU03","Heterogeneous nuclear ribonucleoprotein D-like","A0A087WU03_HUMAN","31.60%",TRUE,1,0,12.92915789,7799.456543
50777,"200pmol","20231201_jcl_6mix_200pmol_200ngHeLa_optDIA_60min_Wat25cmBEH_3",8169,3,"jlb20230123_HomoSapiens_UniprotRefProteome_UP000005640","PTBP1","Homo sapiens","A0A087WU68","Polypyrimidine tract-binding protein 1 (Fragment)","A0A087WU68_HUMAN","22.90%",TRUE,1,0,9.271563048,618.0428467
53468,"200pmol","20231201_jcl_6mix_200pmol_200ngHeLa_optDIA_60min_Wat25cmBEH_3",8169,3,"jlb20230123_HomoSapiens_UniprotRefProteome_UP000005640","TECPR2","Homo sapiens","O15040","Tectonin beta-propeller repeat-containing protein 2","TCPR2_HUMAN","0%",FALSE,0,0,NA,NA
54271,"200pmol","20231201_jcl_6mix_200pmol_200ngHeLa_optDIA_60min_Wat25cmBEH_3",8169,3,"jlb20230123_HomoSapiens_UniprotRefProteome_UP000005640","PIP","Homo sapiens","P12273","Prolactin-inducible protein","PIP_HUMAN","0%",FALSE,0,0,NA,NA
59198,"200pmol","20231201_jcl_6mix_200pmol_200ngHeLa_optDIA_60min_Wat25cmBEH_4",8161,4,"jlb20230123_HomoSapiens_UniprotRefProteome_UP000005640","ELOF1","Homo sapiens","A0A024R7E8","Transcription elongation factor 1 homolog","A0A024R7E8_HUMAN","17.3%;15%;23.7%;20%;15.8%;21.7%",TRUE,1,0,11.37159866,2649.673096
59207,"200pmol","20231201_jcl_6mix_200pmol_200ngHeLa_optDIA_60min_Wat25cmBEH_4",8161,4,"jlb20230123_HomoSapiens_UniprotRefProteome_UP000005640","NOSIP","Homo sapiens","A0A075B6F9","Nitric oxide synthase-interacting protein","A0A075B6F9_HUMAN","7.90%",TRUE,1,0,7.039802953,131.5805969
59211,"200pmol","20231201_jcl_6mix_200pmol_200ngHeLa_optDIA_60min_Wat25cmBEH_4",8161,4,"jlb20230123_HomoSapiens_UniprotRefProteome_UP000005640","PPIAL4E;PPIAL4F;PPIAL4D;PPIAL4F","Homo sapiens","A0A075B759","Peptidyl-prolyl cis-trans isomerase A-like 4E;Peptidyl-prolyl cis-trans isomerase;Peptidyl-prolyl cis-trans isomerase A-like 4D;Peptidyl-prolyl cis-trans isomerase A-like 4F","PAL4E_HUMAN","0%;0%;0%;0%",TRUE,0,0.738363141,NA,NA
59214,"200pmol","20231201_jcl_6mix_200pmol_200ngHeLa_optDIA_60min_Wat25cmBEH_4",8161,4,"jlb20230123_HomoSapiens_UniprotRefProteome_UP000005640","IKBKE","Homo sapiens","A0A075B7B4","Inhibitor of nuclear factor kappa-B kinase subunit epsilon","A0A075B7B4_HUMAN","0%;0%",TRUE,0,0.321037601,NA,NA
59215,"200pmol","20231201_jcl_6mix_200pmol_200ngHeLa_optDIA_60min_Wat25cmBEH_4",8161,4,"jlb20230123_HomoSapiens_UniprotRefProteome_UP000005640","PSG7;PSG7;PSG6;PSG5;PSG5;PSG6;PSG5;PSG6;PSG7;PSG5","Homo sapiens","A0A087WT09","Putative pregnancy-specific beta-1-glycoprotein 7;Putative pregnancy-specific beta-1-glycoprotein 7;Pregnancy-specific beta-1-glycoprotein 6;Pregnancy-specific beta-1-glycoprotein 5;Pregnancy-specific beta-1-glycoprotein 5;Pregnancy-specific beta-1-glycoprotein 6 (Fragment);Pregnancy-specific beta-1-glycoprotein 5;Pregnancy-specific beta-1-glycoprotein 6;Pregnancy-specific beta-1-glycoprotein 7;Pregnancy-specific beta-1-glycoprotein 5","A0A087WT09_HUMAN","0%;0%;0%;0%;0%;0%;0%;0%;0%;0%",TRUE,0,0.652998341,NA,NA
59221,"200pmol","20231201_jcl_6mix_200pmol_200ngHeLa_optDIA_60min_Wat25cmBEH_4",8161,4,"jlb20230123_HomoSapiens_UniprotRefProteome_UP000005640","HTD2","Homo sapiens","A0A087WTC8","Hydroxyacyl-thioester dehydratase type 2, mitochondrial (Fragment);Hydroxyacyl-thioester dehydratase type 2, mitochondrial","A0A087WTC8_HUMAN","36.8%;16.7%",TRUE,1,0,9.59945797,775.7553711
59222,"200pmol","20231201_jcl_6mix_200pmol_200ngHeLa_optDIA_60min_Wat25cmBEH_4",8161,4,"jlb20230123_HomoSapiens_UniprotRefProteome_UP000005640","BCL2L13","Homo sapiens","A0A087WTL4","Bcl-2-like protein 13","A0A087WTL4_HUMAN","2.80%",TRUE,1,0,11.70755966,3344.464844
59224,"200pmol","20231201_jcl_6mix_200pmol_200ngHeLa_optDIA_60min_Wat25cmBEH_4",8161,4,"jlb20230123_HomoSapiens_UniprotRefProteome_UP000005640","KCNIP1","Homo sapiens","A0A087WTU8","Kv channel-interacting protein 1","A0A087WTU8_HUMAN","0%;0%;0%;0%",TRUE,0,0.031887909,NA,NA
59225,"200pmol","20231201_jcl_6mix_200pmol_200ngHeLa_optDIA_60min_Wat25cmBEH_4",8161,4,"jlb20230123_HomoSapiens_UniprotRefProteome_UP000005640","ALMS1","Homo sapiens","A0A087WTU9","Centrosome-associated protein ALMS1;Centrosome-associated protein ALMS1;Centrosome-associated protein ALMS1 (Fragment);Centrosome-associated protein ALMS1 (Fragment);Centrosome-associated protein ALMS1 (Fragment);Centrosome-associated protein ALMS1 (Fragment);Centrosome-associated protein ALMS1 (Fragment);Centrosome-associated protein ALMS1 (Fragment);Centrosome-associated protein ALMS1","A0A087WTU9_HUMAN","0%;0%;0%;0%;0%;0%;0%;0%;0%",TRUE,0,0.124715739,NA,NA
59228,"200pmol","20231201_jcl_6mix_200pmol_200ngHeLa_optDIA_60min_Wat25cmBEH_4",8161,4,"jlb20230123_HomoSapiens_UniprotRefProteome_UP000005640","HNRNPDL","Homo sapiens","A0A087WU03","Heterogeneous nuclear ribonucleoprotein D-like","A0A087WU03_HUMAN","31.60%",TRUE,1,0,12.92840795,7795.40332
59233,"200pmol","20231201_jcl_6mix_200pmol_200ngHeLa_optDIA_60min_Wat25cmBEH_4",8161,4,"jlb20230123_HomoSapiens_UniprotRefProteome_UP000005640","PTBP1","Homo sapiens","A0A087WU68","Polypyrimidine tract-binding protein 1 (Fragment)","A0A087WU68_HUMAN","22.90%",TRUE,1,0,8.496368997,361.1286316
59570,"200pmol","20231201_jcl_6mix_200pmol_200ngHeLa_optDIA_60min_Wat25cmBEH_4",8161,4,"jlb20230123_HomoSapiens_UniprotRefProteome_UP000005640","NBDY","Homo sapiens","A0A0U1RRE5","Negative regulator of P-body association","NBDY_HUMAN","39.70%",FALSE,1,0,9.767654685,871.6799316
60847,"200pmol","20231201_jcl_6mix_200pmol_200ngHeLa_optDIA_60min_Wat25cmBEH_4",8161,4,"20230525_jclcleaned_MQcontaminants","KRT16","","CON__Q3ZAW8","Keratin intermediate filament 16a;Keratin, type I cytoskeletal 16","KRT16_MOUSE","3.4%;3.4%",FALSE,1,0,9.831368137,911.0384521
61357,"200pmol","20231201_jcl_6mix_200pmol_200ngHeLa_optDIA_60min_Wat25cmBEH_4",8161,4,"jlb20230123_HomoSapiens_UniprotRefProteome_UP000005640","BMAL2","Homo sapiens","H0Y5R1","Basic helix-loop-helix ARNT-like 2 (Fragment);Basic helix-loop-helix ARNT-like protein 2","H0Y5R1_HUMAN","3.7%;3.5%",FALSE,1,0,9.564453521,757.1595459
61924,"200pmol","20231201_jcl_6mix_200pmol_200ngHeLa_optDIA_60min_Wat25cmBEH_4",8161,4,"jlb20230123_HomoSapiens_UniprotRefProteome_UP000005640","TECPR2","Homo sapiens","O15040","Tectonin beta-propeller repeat-containing protein 2","TCPR2_HUMAN","0.70%",FALSE,1,0,9.869252501,935.2786865
62329,"200pmol","20231201_jcl_6mix_200pmol_200ngHeLa_optDIA_60min_Wat25cmBEH_4",8161,4,"jlb20230123_HomoSapiens_UniprotRefProteome_UP000005640","LRIG2","Homo sapiens","O94898","Leucine-rich repeats and immunoglobulin-like domains protein 2","LRIG2_HUMAN","1.40%",FALSE,1,0.003812569,8.637510873,398.2445679
62727,"200pmol","20231201_jcl_6mix_200pmol_200ngHeLa_optDIA_60min_Wat25cmBEH_4",8161,4,"jlb20230123_HomoSapiens_UniprotRefProteome_UP000005640","PIP","Homo sapiens","P12273","Prolactin-inducible protein","PIP_HUMAN","10.30%",FALSE,1,0,6.681174487,102.6204529
67654,"50pmol","20231201_jcl_6mix_50pmol_200ngHeLa_optDIA_60min_Wat25cmBEH_1",8167,1,"jlb20230123_HomoSapiens_UniprotRefProteome_UP000005640","ELOF1","Homo sapiens","A0A024R7E8","Transcription elongation factor 1 homolog","A0A024R7E8_HUMAN","17.3%;15%;23.7%;20%;15.8%;21.7%",TRUE,1,0,11.39381633,2690.794189
67663,"50pmol","20231201_jcl_6mix_50pmol_200ngHeLa_optDIA_60min_Wat25cmBEH_1",8167,1,"jlb20230123_HomoSapiens_UniprotRefProteome_UP000005640","NOSIP","Homo sapiens","A0A075B6F9","Nitric oxide synthase-interacting protein","A0A075B6F9_HUMAN","7.90%",TRUE,1,0,6.313893159,79.55568695
67667,"50pmol","20231201_jcl_6mix_50pmol_200ngHeLa_optDIA_60min_Wat25cmBEH_1",8167,1,"jlb20230123_HomoSapiens_UniprotRefProteome_UP000005640","PPIAL4E;PPIAL4F;PPIAL4D;PPIAL4F","Homo sapiens","A0A075B759","Peptidyl-prolyl cis-trans isomerase A-like 4E;Peptidyl-prolyl cis-trans isomerase;Peptidyl-prolyl cis-trans isomerase A-like 4D;Peptidyl-prolyl cis-trans isomerase A-like 4F","PAL4E_HUMAN","0%;0%;0%;0%",TRUE,0,0.738363141,NA,NA
67670,"50pmol","20231201_jcl_6mix_50pmol_200ngHeLa_optDIA_60min_Wat25cmBEH_1",8167,1,"jlb20230123_HomoSapiens_UniprotRefProteome_UP000005640","IKBKE","Homo sapiens","A0A075B7B4","Inhibitor of nuclear factor kappa-B kinase subunit epsilon","A0A075B7B4_HUMAN","0%;0%",TRUE,0,0.321037601,NA,NA
67671,"50pmol","20231201_jcl_6mix_50pmol_200ngHeLa_optDIA_60min_Wat25cmBEH_1",8167,1,"jlb20230123_HomoSapiens_UniprotRefProteome_UP000005640","PSG7;PSG7;PSG6;PSG5;PSG5;PSG6;PSG5;PSG6;PSG7;PSG5","Homo sapiens","A0A087WT09","Putative pregnancy-specific beta-1-glycoprotein 7;Putative pregnancy-specific beta-1-glycoprotein 7;Pregnancy-specific beta-1-glycoprotein 6;Pregnancy-specific beta-1-glycoprotein 5;Pregnancy-specific beta-1-glycoprotein 5;Pregnancy-specific beta-1-glycoprotein 6 (Fragment);Pregnancy-specific beta-1-glycoprotein 5;Pregnancy-specific beta-1-glycoprotein 6;Pregnancy-specific beta-1-glycoprotein 7;Pregnancy-specific beta-1-glycoprotein 5","A0A087WT09_HUMAN","0%;0%;0%;0%;0%;0%;0%;0%;0%;0%",TRUE,0,0.652998341,NA,NA
67677,"50pmol","20231201_jcl_6mix_50pmol_200ngHeLa_optDIA_60min_Wat25cmBEH_1",8167,1,"jlb20230123_HomoSapiens_UniprotRefProteome_UP000005640","HTD2","Homo sapiens","A0A087WTC8","Hydroxyacyl-thioester dehydratase type 2, mitochondrial (Fragment);Hydroxyacyl-thioester dehydratase type 2, mitochondrial","A0A087WTC8_HUMAN","36.8%;16.7%",TRUE,1,0,9.344679913,650.1730347
67678,"50pmol","20231201_jcl_6mix_50pmol_200ngHeLa_optDIA_60min_Wat25cmBEH_1",8167,1,"jlb20230123_HomoSapiens_UniprotRefProteome_UP000005640","BCL2L13","Homo sapiens","A0A087WTL4","Bcl-2-like protein 13","A0A087WTL4_HUMAN","2.80%",TRUE,1,0,11.50469305,2905.746338
67680,"50pmol","20231201_jcl_6mix_50pmol_200ngHeLa_optDIA_60min_Wat25cmBEH_1",8167,1,"jlb20230123_HomoSapiens_UniprotRefProteome_UP000005640","KCNIP1","Homo sapiens","A0A087WTU8","Kv channel-interacting protein 1","A0A087WTU8_HUMAN","0%;0%;0%;0%",TRUE,0,0.031887909,NA,NA
67681,"50pmol","20231201_jcl_6mix_50pmol_200ngHeLa_optDIA_60min_Wat25cmBEH_1",8167,1,"jlb20230123_HomoSapiens_UniprotRefProteome_UP000005640","ALMS1","Homo sapiens","A0A087WTU9","Centrosome-associated protein ALMS1;Centrosome-associated protein ALMS1;Centrosome-associated protein ALMS1 (Fragment);Centrosome-associated protein ALMS1 (Fragment);Centrosome-associated protein ALMS1 (Fragment);Centrosome-associated protein ALMS1 (Fragment);Centrosome-associated protein ALMS1 (Fragment);Centrosome-associated protein ALMS1 (Fragment);Centrosome-associated protein ALMS1","A0A087WTU9_HUMAN","0%;0%;0%;0%;0%;0%;0%;0%;0%",TRUE,0,0.124715739,NA,NA
67684,"50pmol","20231201_jcl_6mix_50pmol_200ngHeLa_optDIA_60min_Wat25cmBEH_1",8167,1,"jlb20230123_HomoSapiens_UniprotRefProteome_UP000005640","HNRNPDL","Homo sapiens","A0A087WU03","Heterogeneous nuclear ribonucleoprotein D-like","A0A087WU03_HUMAN","31.60%",TRUE,1,0,12.83382433,7300.726563
67689,"50pmol","20231201_jcl_6mix_50pmol_200ngHeLa_optDIA_60min_Wat25cmBEH_1",8167,1,"jlb20230123_HomoSapiens_UniprotRefProteome_UP000005640","PTBP1","Homo sapiens","A0A087WU68","Polypyrimidine tract-binding protein 1 (Fragment)","A0A087WU68_HUMAN","22.90%",TRUE,1,0,9.664437844,811.4946899
68026,"50pmol","20231201_jcl_6mix_50pmol_200ngHeLa_optDIA_60min_Wat25cmBEH_1",8167,1,"jlb20230123_HomoSapiens_UniprotRefProteome_UP000005640","NBDY","Homo sapiens","A0A0U1RRE5","Negative regulator of P-body association","NBDY_HUMAN","39.70%",FALSE,1,0,9.675999015,818.0238037
68409,"50pmol","20231201_jcl_6mix_50pmol_200ngHeLa_optDIA_60min_Wat25cmBEH_1",8167,1,"jlb20230123_HomoSapiens_UniprotRefProteome_UP000005640","AHRR","Homo sapiens","A0A7I2PK40","Aryl hydrocarbon receptor repressor","A0A7I2PK40_HUMAN","2.6%;2.6%;3.2%",FALSE,1,0,10.60900645,1561.813477
68949,"50pmol","20231201_jcl_6mix_50pmol_200ngHeLa_optDIA_60min_Wat25cmBEH_1",8167,1,"jlb20230123_HomoSapiens_UniprotRefProteome_UP000005640","TMCO5B","Homo sapiens","A8MYB1","Transmembrane and coiled-coil domain-containing protein 5B","TMC5B_HUMAN","2.30%",FALSE,1,0,8.848504319,460.9620972
69303,"50pmol","20231201_jcl_6mix_50pmol_200ngHeLa_optDIA_60min_Wat25cmBEH_1",8167,1,"20230525_jclcleaned_MQcontaminants","KRT16","","CON__Q3ZAW8","Keratin intermediate filament 16a;Keratin, type I cytoskeletal 16","KRT16_MOUSE","3.4%;3.4%",FALSE,1,0,11.44843786,2794.622803
69813,"50pmol","20231201_jcl_6mix_50pmol_200ngHeLa_optDIA_60min_Wat25cmBEH_1",8167,1,"jlb20230123_HomoSapiens_UniprotRefProteome_UP000005640","BMAL2","Homo sapiens","H0Y5R1","Basic helix-loop-helix ARNT-like 2 (Fragment);Basic helix-loop-helix ARNT-like protein 2","H0Y5R1_HUMAN","3.7%;3.5%",FALSE,1,0,10.78424453,1763.522827
72923,"50pmol","20231201_jcl_6mix_50pmol_200ngHeLa_optDIA_60min_Wat25cmBEH_1",8167,1,"jlb20230123_HomoSapiens_UniprotRefProteome_UP000005640","DALRD3","Homo sapiens","Q5D0E6","DALR anticodon-binding domain-containing protein 3","DALD3_HUMAN","3.70%",FALSE,1,0,9.271498221,618.0150757
76110,"50pmol","20231201_jcl_6mix_50pmol_200ngHeLa_optDIA_60min_Wat25cmBEH_2",8168,2,"jlb20230123_HomoSapiens_UniprotRefProteome_UP000005640","ELOF1","Homo sapiens","A0A024R7E8","Transcription elongation factor 1 homolog","A0A024R7E8_HUMAN","17.3%;15%;23.7%;20%;15.8%;21.7%",TRUE,1,0,11.25969801,2451.923096
76119,"50pmol","20231201_jcl_6mix_50pmol_200ngHeLa_optDIA_60min_Wat25cmBEH_2",8168,2,"jlb20230123_HomoSapiens_UniprotRefProteome_UP000005640","NOSIP","Homo sapiens","A0A075B6F9","Nitric oxide synthase-interacting protein","A0A075B6F9_HUMAN","7.90%",TRUE,1,0,6.45158819,87.52287292
76123,"50pmol","20231201_jcl_6mix_50pmol_200ngHeLa_optDIA_60min_Wat25cmBEH_2",8168,2,"jlb20230123_HomoSapiens_UniprotRefProteome_UP000005640","PPIAL4E;PPIAL4F;PPIAL4D;PPIAL4F","Homo sapiens","A0A075B759","Peptidyl-prolyl cis-trans isomerase A-like 4E;Peptidyl-prolyl cis-trans isomerase;Peptidyl-prolyl cis-trans isomerase A-like 4D;Peptidyl-prolyl cis-trans isomerase A-like 4F","PAL4E_HUMAN","0%;0%;0%;0%",TRUE,0,0.738363141,NA,NA
76126,"50pmol","20231201_jcl_6mix_50pmol_200ngHeLa_optDIA_60min_Wat25cmBEH_2",8168,2,"jlb20230123_HomoSapiens_UniprotRefProteome_UP000005640","IKBKE","Homo sapiens","A0A075B7B4","Inhibitor of nuclear factor kappa-B kinase subunit epsilon","A0A075B7B4_HUMAN","0%;0%",TRUE,0,0.321037601,NA,NA
76127,"50pmol","20231201_jcl_6mix_50pmol_200ngHeLa_optDIA_60min_Wat25cmBEH_2",8168,2,"jlb20230123_HomoSapiens_UniprotRefProteome_UP000005640","PSG7;PSG7;PSG6;PSG5;PSG5;PSG6;PSG5;PSG6;PSG7;PSG5","Homo sapiens","A0A087WT09","Putative pregnancy-specific beta-1-glycoprotein 7;Putative pregnancy-specific beta-1-glycoprotein 7;Pregnancy-specific beta-1-glycoprotein 6;Pregnancy-specific beta-1-glycoprotein 5;Pregnancy-specific beta-1-glycoprotein 5;Pregnancy-specific beta-1-glycoprotein 6 (Fragment);Pregnancy-specific beta-1-glycoprotein 5;Pregnancy-specific beta-1-glycoprotein 6;Pregnancy-specific beta-1-glycoprotein 7;Pregnancy-specific beta-1-glycoprotein 5","A0A087WT09_HUMAN","0%;0%;0%;0%;0%;0%;0%;0%;0%;0%",TRUE,0,0.652998341,NA,NA
76133,"50pmol","20231201_jcl_6mix_50pmol_200ngHeLa_optDIA_60min_Wat25cmBEH_2",8168,2,"jlb20230123_HomoSapiens_UniprotRefProteome_UP000005640","HTD2","Homo sapiens","A0A087WTC8","Hydroxyacyl-thioester dehydratase type 2, mitochondrial (Fragment);Hydroxyacyl-thioester dehydratase type 2, mitochondrial","A0A087WTC8_HUMAN","36.8%;16.7%",TRUE,1,0,9.483752563,715.9686279
76134,"50pmol","20231201_jcl_6mix_50pmol_200ngHeLa_optDIA_60min_Wat25cmBEH_2",8168,2,"jlb20230123_HomoSapiens_UniprotRefProteome_UP000005640","BCL2L13","Homo sapiens","A0A087WTL4","Bcl-2-like protein 13","A0A087WTL4_HUMAN","2.80%",TRUE,1,0,11.68318064,3288.424072
76136,"50pmol","20231201_jcl_6mix_50pmol_200ngHeLa_optDIA_60min_Wat25cmBEH_2",8168,2,"jlb20230123_HomoSapiens_UniprotRefProteome_UP000005640","KCNIP1","Homo sapiens","A0A087WTU8","Kv channel-interacting protein 1","A0A087WTU8_HUMAN","0%;0%;0%;0%",TRUE,0,0.031887909,NA,NA
76137,"50pmol","20231201_jcl_6mix_50pmol_200ngHeLa_optDIA_60min_Wat25cmBEH_2",8168,2,"jlb20230123_HomoSapiens_UniprotRefProteome_UP000005640","ALMS1","Homo sapiens","A0A087WTU9","Centrosome-associated protein ALMS1;Centrosome-associated protein ALMS1;Centrosome-associated protein ALMS1 (Fragment);Centrosome-associated protein ALMS1 (Fragment);Centrosome-associated protein ALMS1 (Fragment);Centrosome-associated protein ALMS1 (Fragment);Centrosome-associated protein ALMS1 (Fragment);Centrosome-associated protein ALMS1 (Fragment);Centrosome-associated protein ALMS1","A0A087WTU9_HUMAN","0%;0%;0%;0%;0%;0%;0%;0%;0%",TRUE,0,0.124715739,NA,NA
76140,"50pmol","20231201_jcl_6mix_50pmol_200ngHeLa_optDIA_60min_Wat25cmBEH_2",8168,2,"jlb20230123_HomoSapiens_UniprotRefProteome_UP000005640","HNRNPDL","Homo sapiens","A0A087WU03","Heterogeneous nuclear ribonucleoprotein D-like","A0A087WU03_HUMAN","31.60%",TRUE,1,0,12.81597679,7210.96582
76145,"50pmol","20231201_jcl_6mix_50pmol_200ngHeLa_optDIA_60min_Wat25cmBEH_2",8168,2,"jlb20230123_HomoSapiens_UniprotRefProteome_UP000005640","PTBP1","Homo sapiens","A0A087WU68","Polypyrimidine tract-binding protein 1 (Fragment)","A0A087WU68_HUMAN","22.90%",TRUE,1,0,9.743099814,856.9693604
76482,"50pmol","20231201_jcl_6mix_50pmol_200ngHeLa_optDIA_60min_Wat25cmBEH_2",8168,2,"jlb20230123_HomoSapiens_UniprotRefProteome_UP000005640","NBDY","Homo sapiens","A0A0U1RRE5","Negative regulator of P-body association","NBDY_HUMAN","39.70%",FALSE,1,0,9.537695573,743.2457886
76865,"50pmol","20231201_jcl_6mix_50pmol_200ngHeLa_optDIA_60min_Wat25cmBEH_2",8168,2,"jlb20230123_HomoSapiens_UniprotRefProteome_UP000005640","AHRR","Homo sapiens","A0A7I2PK40","Aryl hydrocarbon receptor repressor","A0A7I2PK40_HUMAN","2.6%;2.6%;3.2%",FALSE,1,0,10.48954849,1437.701538
76939,"50pmol","20231201_jcl_6mix_50pmol_200ngHeLa_optDIA_60min_Wat25cmBEH_2",8168,2,"jlb20230123_HomoSapiens_UniprotRefProteome_UP000005640","PIP5K1C","Homo sapiens","A0A7P0T808","Phosphatidylinositol 4-phosphate 5-kinase type-1 gamma","A0A7P0T808_HUMAN","2.7%;2.8%",FALSE,1,0,10.45678078,1405.415283
77405,"50pmol","20231201_jcl_6mix_50pmol_200ngHeLa_optDIA_60min_Wat25cmBEH_2",8168,2,"jlb20230123_HomoSapiens_UniprotRefProteome_UP000005640","TMCO5B","Homo sapiens","A8MYB1","Transmembrane and coiled-coil domain-containing protein 5B","TMC5B_HUMAN","2.30%",FALSE,1,0,8.853145145,462.4472961
77759,"50pmol","20231201_jcl_6mix_50pmol_200ngHeLa_optDIA_60min_Wat25cmBEH_2",8168,2,"20230525_jclcleaned_MQcontaminants","KRT16","","CON__Q3ZAW8","Keratin intermediate filament 16a;Keratin, type I cytoskeletal 16","KRT16_MOUSE","3.4%;3.4%",FALSE,1,0,11.65539184,3225.689453
78269,"50pmol","20231201_jcl_6mix_50pmol_200ngHeLa_optDIA_60min_Wat25cmBEH_2",8168,2,"jlb20230123_HomoSapiens_UniprotRefProteome_UP000005640","BMAL2","Homo sapiens","H0Y5R1","Basic helix-loop-helix ARNT-like 2 (Fragment);Basic helix-loop-helix ARNT-like protein 2","H0Y5R1_HUMAN","3.7%;3.5%",FALSE,1,0,10.36500786,1318.797974
79475,"50pmol","20231201_jcl_6mix_50pmol_200ngHeLa_optDIA_60min_Wat25cmBEH_2",8168,2,"jlb20230123_HomoSapiens_UniprotRefProteome_UP000005640","PRKCB","Homo sapiens","P05771","Protein kinase C beta type","KPCB_HUMAN","2.40%",FALSE,1,0,9.623956709,789.0411377
84566,"50pmol","20231201_jcl_6mix_50pmol_200ngHeLa_optDIA_60min_Wat25cmBEH_3",8160,3,"jlb20230123_HomoSapiens_UniprotRefProteome_UP000005640","ELOF1","Homo sapiens","A0A024R7E8","Transcription elongation factor 1 homolog","A0A024R7E8_HUMAN","17.3%;15%;23.7%;20%;15.8%;21.7%",TRUE,1,0,11.32360017,2562.96875
84575,"50pmol","20231201_jcl_6mix_50pmol_200ngHeLa_optDIA_60min_Wat25cmBEH_3",8160,3,"jlb20230123_HomoSapiens_UniprotRefProteome_UP000005640","NOSIP","Homo sapiens","A0A075B6F9","Nitric oxide synthase-interacting protein","A0A075B6F9_HUMAN","7.90%",TRUE,1,0,7.207420866,147.7916412
84579,"50pmol","20231201_jcl_6mix_50pmol_200ngHeLa_optDIA_60min_Wat25cmBEH_3",8160,3,"jlb20230123_HomoSapiens_UniprotRefProteome_UP000005640","PPIAL4E;PPIAL4F;PPIAL4D;PPIAL4F","Homo sapiens","A0A075B759","Peptidyl-prolyl cis-trans isomerase A-like 4E;Peptidyl-prolyl cis-trans isomerase;Peptidyl-prolyl cis-trans isomerase A-like 4D;Peptidyl-prolyl cis-trans isomerase A-like 4F","PAL4E_HUMAN","0%;0%;0%;0%",TRUE,0,0.738363141,NA,NA
84582,"50pmol","20231201_jcl_6mix_50pmol_200ngHeLa_optDIA_60min_Wat25cmBEH_3",8160,3,"jlb20230123_HomoSapiens_UniprotRefProteome_UP000005640","IKBKE","Homo sapiens","A0A075B7B4","Inhibitor of nuclear factor kappa-B kinase subunit epsilon","A0A075B7B4_HUMAN","0%;0%",TRUE,0,0.321037601,NA,NA
84583,"50pmol","20231201_jcl_6mix_50pmol_200ngHeLa_optDIA_60min_Wat25cmBEH_3",8160,3,"jlb20230123_HomoSapiens_UniprotRefProteome_UP000005640","PSG7;PSG7;PSG6;PSG5;PSG5;PSG6;PSG5;PSG6;PSG7;PSG5","Homo sapiens","A0A087WT09","Putative pregnancy-specific beta-1-glycoprotein 7;Putative pregnancy-specific beta-1-glycoprotein 7;Pregnancy-specific beta-1-glycoprotein 6;Pregnancy-specific beta-1-glycoprotein 5;Pregnancy-specific beta-1-glycoprotein 5;Pregnancy-specific beta-1-glycoprotein 6 (Fragment);Pregnancy-specific beta-1-glycoprotein 5;Pregnancy-specific beta-1-glycoprotein 6;Pregnancy-specific beta-1-glycoprotein 7;Pregnancy-specific beta-1-glycoprotein 5","A0A087WT09_HUMAN","0%;0%;0%;0%;0%;0%;0%;0%;0%;0%",TRUE,0,0.652998341,NA,NA
84589,"50pmol","20231201_jcl_6mix_50pmol_200ngHeLa_optDIA_60min_Wat25cmBEH_3",8160,3,"jlb20230123_HomoSapiens_UniprotRefProteome_UP000005640","HTD2","Homo sapiens","A0A087WTC8","Hydroxyacyl-thioester dehydratase type 2, mitochondrial (Fragment);Hydroxyacyl-thioester dehydratase type 2, mitochondrial","A0A087WTC8_HUMAN","36.8%;16.7%",TRUE,1,0,9.519990589,734.1802979
84590,"50pmol","20231201_jcl_6mix_50pmol_200ngHeLa_optDIA_60min_Wat25cmBEH_3",8160,3,"jlb20230123_HomoSapiens_UniprotRefProteome_UP000005640","BCL2L13","Homo sapiens","A0A087WTL4","Bcl-2-like protein 13","A0A087WTL4_HUMAN","2.80%",TRUE,1,0,11.74225186,3425.863281
84592,"50pmol","20231201_jcl_6mix_50pmol_200ngHeLa_optDIA_60min_Wat25cmBEH_3",8160,3,"jlb20230123_HomoSapiens_UniprotRefProteome_UP000005640","KCNIP1","Homo sapiens","A0A087WTU8","Kv channel-interacting protein 1","A0A087WTU8_HUMAN","0%;0%;0%;0%",TRUE,0,0.031887909,NA,NA
84593,"50pmol","20231201_jcl_6mix_50pmol_200ngHeLa_optDIA_60min_Wat25cmBEH_3",8160,3,"jlb20230123_HomoSapiens_UniprotRefProteome_UP000005640","ALMS1","Homo sapiens","A0A087WTU9","Centrosome-associated protein ALMS1;Centrosome-associated protein ALMS1;Centrosome-associated protein ALMS1 (Fragment);Centrosome-associated protein ALMS1 (Fragment);Centrosome-associated protein ALMS1 (Fragment);Centrosome-associated protein ALMS1 (Fragment);Centrosome-associated protein ALMS1 (Fragment);Centrosome-associated protein ALMS1 (Fragment);Centrosome-associated protein ALMS1","A0A087WTU9_HUMAN","0%;0%;0%;0%;0%;0%;0%;0%;0%",TRUE,0,0.124715739,NA,NA
84596,"50pmol","20231201_jcl_6mix_50pmol_200ngHeLa_optDIA_60min_Wat25cmBEH_3",8160,3,"jlb20230123_HomoSapiens_UniprotRefProteome_UP000005640","HNRNPDL","Homo sapiens","A0A087WU03","Heterogeneous nuclear ribonucleoprotein D-like","A0A087WU03_HUMAN","31.60%",TRUE,1,0,12.92799167,7793.154297
84601,"50pmol","20231201_jcl_6mix_50pmol_200ngHeLa_optDIA_60min_Wat25cmBEH_3",8160,3,"jlb20230123_HomoSapiens_UniprotRefProteome_UP000005640","PTBP1","Homo sapiens","A0A087WU68","Polypyrimidine tract-binding protein 1 (Fragment)","A0A087WU68_HUMAN","22.90%",TRUE,1,0,9.562837722,756.3120117
84938,"50pmol","20231201_jcl_6mix_50pmol_200ngHeLa_optDIA_60min_Wat25cmBEH_3",8160,3,"jlb20230123_HomoSapiens_UniprotRefProteome_UP000005640","NBDY","Homo sapiens","A0A0U1RRE5","Negative regulator of P-body association","NBDY_HUMAN","39.70%",FALSE,1,0,9.75722386,865.4003296
85321,"50pmol","20231201_jcl_6mix_50pmol_200ngHeLa_optDIA_60min_Wat25cmBEH_3",8160,3,"jlb20230123_HomoSapiens_UniprotRefProteome_UP000005640","AHRR","Homo sapiens","A0A7I2PK40","Aryl hydrocarbon receptor repressor","A0A7I2PK40_HUMAN","2.6%;2.6%;3.2%",FALSE,1,0,10.58948131,1540.818604
86725,"50pmol","20231201_jcl_6mix_50pmol_200ngHeLa_optDIA_60min_Wat25cmBEH_3",8160,3,"jlb20230123_HomoSapiens_UniprotRefProteome_UP000005640","BMAL2","Homo sapiens","H0Y5R1","Basic helix-loop-helix ARNT-like 2 (Fragment);Basic helix-loop-helix ARNT-like protein 2","H0Y5R1_HUMAN","3.7%;3.5%",FALSE,1,0,9.757625313,865.6411743
86741,"50pmol","20231201_jcl_6mix_50pmol_200ngHeLa_optDIA_60min_Wat25cmBEH_3",8160,3,"jlb20230123_HomoSapiens_UniprotRefProteome_UP000005640","DEF6","Homo sapiens","H0Y7V7","Differentially-expressed in FDCP 6 homolog;Differentially expressed in FDCP 6 homolog","H0Y7V7_HUMAN","2.2%;2.1%",FALSE,1,0.001485516,9.897395788,953.7026978
87355,"50pmol","20231201_jcl_6mix_50pmol_200ngHeLa_optDIA_60min_Wat25cmBEH_3",8160,3,"jlb20230123_HomoSapiens_UniprotRefProteome_UP000005640","TLR3","Homo sapiens","O15455","Toll-like receptor 3","TLR3_HUMAN","1.20%",FALSE,1,0,7.475176795,177.9313354
87697,"50pmol","20231201_jcl_6mix_50pmol_200ngHeLa_optDIA_60min_Wat25cmBEH_3",8160,3,"jlb20230123_HomoSapiens_UniprotRefProteome_UP000005640","LRIG2","Homo sapiens","O94898","Leucine-rich repeats and immunoglobulin-like domains protein 2","LRIG2_HUMAN","1.40%",FALSE,1,0.003812569,8.031394796,261.6319275
93022,"50pmol","20231201_jcl_6mix_50pmol_200ngHeLa_optDIA_60min_Wat25cmBEH_4",8163,4,"jlb20230123_HomoSapiens_UniprotRefProteome_UP000005640","ELOF1","Homo sapiens","A0A024R7E8","Transcription elongation factor 1 homolog","A0A024R7E8_HUMAN","17.3%;15%;23.7%;20%;15.8%;21.7%",TRUE,1,0,11.33117541,2576.46167
93031,"50pmol","20231201_jcl_6mix_50pmol_200ngHeLa_optDIA_60min_Wat25cmBEH_4",8163,4,"jlb20230123_HomoSapiens_UniprotRefProteome_UP000005640","NOSIP","Homo sapiens","A0A075B6F9","Nitric oxide synthase-interacting protein","A0A075B6F9_HUMAN","7.90%",TRUE,1,0,7.106723467,137.8278351
93035,"50pmol","20231201_jcl_6mix_50pmol_200ngHeLa_optDIA_60min_Wat25cmBEH_4",8163,4,"jlb20230123_HomoSapiens_UniprotRefProteome_UP000005640","PPIAL4E;PPIAL4F;PPIAL4D;PPIAL4F","Homo sapiens","A0A075B759","Peptidyl-prolyl cis-trans isomerase A-like 4E;Peptidyl-prolyl cis-trans isomerase;Peptidyl-prolyl cis-trans isomerase A-like 4D;Peptidyl-prolyl cis-trans isomerase A-like 4F","PAL4E_HUMAN","0%;0%;0%;0%",TRUE,0,0.738363141,NA,NA
93038,"50pmol","20231201_jcl_6mix_50pmol_200ngHeLa_optDIA_60min_Wat25cmBEH_4",8163,4,"jlb20230123_HomoSapiens_UniprotRefProteome_UP000005640","IKBKE","Homo sapiens","A0A075B7B4","Inhibitor of nuclear factor kappa-B kinase subunit epsilon","A0A075B7B4_HUMAN","0%;0%",TRUE,0,0.321037601,NA,NA
93039,"50pmol","20231201_jcl_6mix_50pmol_200ngHeLa_optDIA_60min_Wat25cmBEH_4",8163,4,"jlb20230123_HomoSapiens_UniprotRefProteome_UP000005640","PSG7;PSG7;PSG6;PSG5;PSG5;PSG6;PSG5;PSG6;PSG7;PSG5","Homo sapiens","A0A087WT09","Putative pregnancy-specific beta-1-glycoprotein 7;Putative pregnancy-specific beta-1-glycoprotein 7;Pregnancy-specific beta-1-glycoprotein 6;Pregnancy-specific beta-1-glycoprotein 5;Pregnancy-specific beta-1-glycoprotein 5;Pregnancy-specific beta-1-glycoprotein 6 (Fragment);Pregnancy-specific beta-1-glycoprotein 5;Pregnancy-specific beta-1-glycoprotein 6;Pregnancy-specific beta-1-glycoprotein 7;Pregnancy-specific beta-1-glycoprotein 5","A0A087WT09_HUMAN","0%;0%;0%;0%;0%;0%;0%;0%;0%;0%",TRUE,0,0.652998341,NA,NA
93045,"50pmol","20231201_jcl_6mix_50pmol_200ngHeLa_optDIA_60min_Wat25cmBEH_4",8163,4,"jlb20230123_HomoSapiens_UniprotRefProteome_UP000005640","HTD2","Homo sapiens","A0A087WTC8","Hydroxyacyl-thioester dehydratase type 2, mitochondrial (Fragment);Hydroxyacyl-thioester dehydratase type 2, mitochondrial","A0A087WTC8_HUMAN","36.8%;16.7%",TRUE,1,0,9.180200553,580.1171875
93046,"50pmol","20231201_jcl_6mix_50pmol_200ngHeLa_optDIA_60min_Wat25cmBEH_4",8163,4,"jlb20230123_HomoSapiens_UniprotRefProteome_UP000005640","BCL2L13","Homo sapiens","A0A087WTL4","Bcl-2-like protein 13","A0A087WTL4_HUMAN","2.80%",TRUE,1,0,11.63181495,3173.402832
93048,"50pmol","20231201_jcl_6mix_50pmol_200ngHeLa_optDIA_60min_Wat25cmBEH_4",8163,4,"jlb20230123_HomoSapiens_UniprotRefProteome_UP000005640","KCNIP1","Homo sapiens","A0A087WTU8","Kv channel-interacting protein 1","A0A087WTU8_HUMAN","0%;0%;0%;0%",TRUE,0,0.031887909,NA,NA
93049,"50pmol","20231201_jcl_6mix_50pmol_200ngHeLa_optDIA_60min_Wat25cmBEH_4",8163,4,"jlb20230123_HomoSapiens_UniprotRefProteome_UP000005640","ALMS1","Homo sapiens","A0A087WTU9","Centrosome-associated protein ALMS1;Centrosome-associated protein ALMS1;Centrosome-associated protein ALMS1 (Fragment);Centrosome-associated protein ALMS1 (Fragment);Centrosome-associated protein ALMS1 (Fragment);Centrosome-associated protein ALMS1 (Fragment);Centrosome-associated protein ALMS1 (Fragment);Centrosome-associated protein ALMS1 (Fragment);Centrosome-associated protein ALMS1","A0A087WTU9_HUMAN","0%;0%;0%;0%;0%;0%;0%;0%;0%",TRUE,0,0.124715739,NA,NA
93052,"50pmol","20231201_jcl_6mix_50pmol_200ngHeLa_optDIA_60min_Wat25cmBEH_4",8163,4,"jlb20230123_HomoSapiens_UniprotRefProteome_UP000005640","HNRNPDL","Homo sapiens","A0A087WU03","Heterogeneous nuclear ribonucleoprotein D-like","A0A087WU03_HUMAN","31.60%",TRUE,1,0,12.91220081,7708.320313
93057,"50pmol","20231201_jcl_6mix_50pmol_200ngHeLa_optDIA_60min_Wat25cmBEH_4",8163,4,"jlb20230123_HomoSapiens_UniprotRefProteome_UP000005640","PTBP1","Homo sapiens","A0A087WU68","Polypyrimidine tract-binding protein 1 (Fragment)","A0A087WU68_HUMAN","22.90%",TRUE,1,0,8.950280359,494.6555176
93394,"50pmol","20231201_jcl_6mix_50pmol_200ngHeLa_optDIA_60min_Wat25cmBEH_4",8163,4,"jlb20230123_HomoSapiens_UniprotRefProteome_UP000005640","NBDY","Homo sapiens","A0A0U1RRE5","Negative regulator of P-body association","NBDY_HUMAN","39.70%",FALSE,1,0,9.601411157,776.8063354
93777,"50pmol","20231201_jcl_6mix_50pmol_200ngHeLa_optDIA_60min_Wat25cmBEH_4",8163,4,"jlb20230123_HomoSapiens_UniprotRefProteome_UP000005640","AHRR","Homo sapiens","A0A7I2PK40","Aryl hydrocarbon receptor repressor","A0A7I2PK40_HUMAN","2.6%;2.6%;3.2%",FALSE,1,0,10.51598118,1464.285522
94671,"50pmol","20231201_jcl_6mix_50pmol_200ngHeLa_optDIA_60min_Wat25cmBEH_4",8163,4,"20230525_jclcleaned_MQcontaminants","KRT16","","CON__Q3ZAW8","Keratin intermediate filament 16a;Keratin, type I cytoskeletal 16","KRT16_MOUSE","3.4%;3.4%",FALSE,1,0,10.36747021,1321.050781
95068,"50pmol","20231201_jcl_6mix_50pmol_200ngHeLa_optDIA_60min_Wat25cmBEH_4",8163,4,"jlb20230123_HomoSapiens_UniprotRefProteome_UP000005640","BRDT","Homo sapiens","F8W0H2","Bromodomain testis-specific protein (Fragment)","F8W0H2_HUMAN","22.20%",FALSE,1,0,9.056855645,532.5804443
95181,"50pmol","20231201_jcl_6mix_50pmol_200ngHeLa_optDIA_60min_Wat25cmBEH_4",8163,4,"jlb20230123_HomoSapiens_UniprotRefProteome_UP000005640","BMAL2","Homo sapiens","H0Y5R1","Basic helix-loop-helix ARNT-like 2 (Fragment);Basic helix-loop-helix ARNT-like protein 2","H0Y5R1_HUMAN","3.7%;3.5%",FALSE,1,0,10.02158018,1039.432373
96401,"50pmol","20231201_jcl_6mix_50pmol_200ngHeLa_optDIA_60min_Wat25cmBEH_4",8163,4,"jlb20230123_HomoSapiens_UniprotRefProteome_UP000005640","LPL","Homo sapiens","P06858","Lipoprotein lipase","LIPL_HUMAN","3.60%",FALSE,1,0,8.245552706,303.5
96571,"50pmol","20231201_jcl_6mix_50pmol_200ngHeLa_optDIA_60min_Wat25cmBEH_4",8163,4,"jlb20230123_HomoSapiens_UniprotRefProteome_UP000005640","C6","Homo sapiens","P13671","Complement component C6","CO6_HUMAN","1.70%",FALSE,1,0,7.0224623,130.0085144
